{
  "note":"This file contains the actual data for your assignment",
  "comments":[
    {
      "name":"Keely",
      "count":99
    },
    {
      "name":"Kaylin",
      "count":95
    },
    {
      "name":"Eidhan",
      "count":91
    },
    {
      "name":"Beatriz",
      "count":87
    },
    {
      "name":"Sabrina",
      "count":83
    },
    {
      "name":"Anona",
      "count":80
    },
    {
      "name":"Kelice",
      "count":79
    },
    {
      "name":"Valerie",
      "count":79
    },
    {
      "name":"Amira",
      "count":79
    },
    {
      "name":"Tasnim",
      "count":78
    },
    {
      "name":"Orla",
      "count":77
    },
    {
      "name":"Isla",
      "count":76
    },
    {
      "name":"Josie",
      "count":72
    },
    {
      "name":"Piotr",
      "count":72
    },
    {
      "name":"Karimas",
      "count":72
    },
    {
      "name":"Kaidenn",
      "count":69
    },
    {
      "name":"Cobie",
      "count":63
    },
    {
      "name":"Alecia",
      "count":58
    },
    {
      "name":"Marla",
      "count":58
    },
    {
      "name":"Maddie",
      "count":51
    },
    {
      "name":"Zita",
      "count":50
    },
    {
      "name":"Caryn",
      "count":48
    },
    {
      "name":"Kady",
      "count":45
    },
    {
      "name":"Georgi",
      "count":40
    },
    {
      "name":"Cullin",
      "count":40
    },
    {
      "name":"Nina",
      "count":39
    },
    {
      "name":"Roshni",
      "count":38
    },
    {
      "name":"Sona",
      "count":35
    },
    {
      "name":"Dennie",
      "count":32
    },
    {
      "name":"Se",
      "count":27
    },
    {
      "name":"Ivory",
      "count":23
    },
    {
      "name":"Meghan",
      "count":23
    },
    {
      "name":"Haydyn",
      "count":23
    },
    {
      "name":"Zainab",
      "count":22
    },
    {
      "name":"Teighen",
      "count":21
    },
    {
      "name":"Maggi",
      "count":19
    },
    {
      "name":"Saif",
      "count":18
    },
    {
      "name":"Jada",
      "count":16
    },
    {
      "name":"Ariella",
      "count":16
    },
    {
      "name":"Teghan",
      "count":15
    },
    {
      "name":"Colette",
      "count":14
    },
    {
      "name":"Konar",
      "count":12
    },
    {
      "name":"Romany",
      "count":12
    },
    {
      "name":"Lance",
      "count":6
    },
    {
      "name":"Angelina",
      "count":5
    },
    {
      "name":"Allanah",
      "count":4
    },
    {
      "name":"Renas",
      "count":2
    },
    {
      "name":"Darla",
      "count":1
    },
    {
      "name":"Florence",
      "count":1
    },
    {
      "name":"Giuliana",
      "count":1
    }
  ]
}