<?xml version="1.0" encoding="UTF-8"?>
<commentinfo>
  <note>This file contains the actual data for your assignment - good luck!</note>

  <comments>
    <comment>
       <name>Breah</name>
       <count>98</count>
    </comment>
    <comment>
       <name>Patrycja</name>
       <count>98</count>
    </comment>
    <comment>
       <name>Patrick</name>
       <count>98</count>
    </comment>
    <comment>
       <name>Sasha</name>
       <count>96</count>
    </comment>
    <comment>
       <name>Sonneey</name>
       <count>96</count>
    </comment>
    <comment>
       <name>Jada</name>
       <count>88</count>
    </comment>
    <comment>
       <name>Eryn</name>
       <count>86</count>
    </comment>
    <comment>
       <name>Avesta</name>
       <count>82</count>
    </comment>
    <comment>
       <name>Pascoe</name>
       <count>81</count>
    </comment>
    <comment>
       <name>Hayla</name>
       <count>81</count>
    </comment>
    <comment>
       <name>Lilly</name>
       <count>79</count>
    </comment>
    <comment>
       <name>Eniola</name>
       <count>76</count>
    </comment>
    <comment>
       <name>Andi</name>
       <count>75</count>
    </comment>
    <comment>
       <name>Zena</name>
       <count>73</count>
    </comment>
    <comment>
       <name>Elodie</name>
       <count>70</count>
    </comment>
    <comment>
       <name>Eleni</name>
       <count>69</count>
    </comment>
    <comment>
       <name>Chin</name>
       <count>63</count>
    </comment>
    <comment>
       <name>Humayra</name>
       <count>63</count>
    </comment>
    <comment>
       <name>Glenn</name>
       <count>63</count>
    </comment>
    <comment>
       <name>Kyren</name>
       <count>61</count>
    </comment>
    <comment>
       <name>Fynn</name>
       <count>61</count>
    </comment>
    <comment>
       <name>Jeannie</name>
       <count>57</count>
    </comment>
    <comment>
       <name>Aulay</name>
       <count>55</count>
    </comment>
    <comment>
       <name>Justinas</name>
       <count>54</count>
    </comment>
    <comment>
       <name>Niro</name>
       <count>54</count>
    </comment>
    <comment>
       <name>Jonathon</name>
       <count>51</count>
    </comment>
    <comment>
       <name>Tia</name>
       <count>50</count>
    </comment>
    <comment>
       <name>Campbel</name>
       <count>50</count>
    </comment>
    <comment>
       <name>Fearghus</name>
       <count>43</count>
    </comment>
    <comment>
       <name>Sohail</name>
       <count>43</count>
    </comment>
    <comment>
       <name>Maliha</name>
       <count>41</count>
    </comment>
    <comment>
       <name>Derren</name>
       <count>40</count>
    </comment>
    <comment>
       <name>Ayla</name>
       <count>36</count>
    </comment>
    <comment>
       <name>Thais</name>
       <count>35</count>
    </comment>
    <comment>
       <name>Bronagh</name>
       <count>34</count>
    </comment>
    <comment>
       <name>Remei</name>
       <count>32</count>
    </comment>
    <comment>
       <name>Deagan</name>
       <count>32</count>
    </comment>
    <comment>
       <name>Alisha</name>
       <count>29</count>
    </comment>
    <comment>
       <name>Dane</name>
       <count>29</count>
    </comment>
    <comment>
       <name>Maeghan</name>
       <count>28</count>
    </comment>
    <comment>
       <name>Hamani</name>
       <count>28</count>
    </comment>
    <comment>
       <name>Bradly</name>
       <count>27</count>
    </comment>
    <comment>
       <name>Abel</name>
       <count>24</count>
    </comment>
    <comment>
       <name>Ziyaan</name>
       <count>18</count>
    </comment>
    <comment>
       <name>Harvey</name>
       <count>10</count>
    </comment>
    <comment>
       <name>Favour</name>
       <count>7</count>
    </comment>
    <comment>
       <name>Candice</name>
       <count>7</count>
    </comment>
    <comment>
       <name>Clio</name>
       <count>4</count>
    </comment>
    <comment>
       <name>Yusra</name>
       <count>2</count>
    </comment>
    <comment>
       <name>Francisco</name>
       <count>1</count>
    </comment>
  </comments>
</commentinfo>